theme_id,category,theme_name,field,src,dest,public_url,bytes
general-birthday,general,birthday,backgrounds,assets/general/birthday/backgrounds/birthday-background-1.png,public/themes/general/birthday/backgrounds/birthday-background-1.png,/themes/general/birthday/backgrounds/birthday-background-1.png,579487
general-birthday,general,birthday,overlays,assets/general/birthday/overlays/7.png,public/themes/general/birthday/overlays/7.png,/themes/general/birthday/overlays/7.png,68197
general-birthday,general,birthday,overlays,assets/general/birthday/overlays/banner-frame.png,public/themes/general/birthday/overlays/banner-frame.png,/themes/general/birthday/overlays/banner-frame.png,93069
general-birthday,general,birthday,overlays,assets/general/birthday/overlays/birthday-confetti-frame.png,public/themes/general/birthday/overlays/birthday-confetti-frame.png,/themes/general/birthday/overlays/birthday-confetti-frame.png,178820
general-birthday,general,birthday,overlays,assets/general/birthday/overlays/colorful-sparkle-frame.png,public/themes/general/birthday/overlays/colorful-sparkle-frame.png,/themes/general/birthday/overlays/colorful-sparkle-frame.png,85405
general-birthday,general,birthday,overlays,assets/general/birthday/overlays/double-photo-birthday-frame.png,public/themes/general/birthday/overlays/double-photo-birthday-frame.png,/themes/general/birthday/overlays/double-photo-birthday-frame.png,135764
general-birthday,general,birthday,overlays,assets/general/birthday/overlays/happy-birthday-balloons-frame.png,public/themes/general/birthday/overlays/happy-birthday-balloons-frame.png,/themes/general/birthday/overlays/happy-birthday-balloons-frame.png,215079
general-birthday,general,birthday,overlays,assets/general/birthday/overlays/sparkle-sides-frame.png,public/themes/general/birthday/overlays/sparkle-sides-frame.png,/themes/general/birthday/overlays/sparkle-sides-frame.png,258390
general-birthday,general,birthday,templates,assets/general/birthday/templates/birthday-banner.png,public/themes/general/birthday/templates/birthday-banner.png,/themes/general/birthday/templates/birthday-banner.png,129654
general-birthday,general,birthday,templates,assets/general/birthday/templates/birthday.png,public/themes/general/birthday/templates/birthday.png,/themes/general/birthday/templates/birthday.png,44066
general-summer,general,summer,overlays,assets/general/summer/overlays/13.png,public/themes/general/summer/overlays/13.png,/themes/general/summer/overlays/13.png,10086
general-summer,general,summer,overlays,assets/general/summer/overlays/4th-of-july.png,public/themes/general/summer/overlays/4th-of-july.png,/themes/general/summer/overlays/4th-of-july.png,83440
general-summer,general,summer,overlays,assets/general/summer/overlays/border-with-frame.png,public/themes/general/summer/overlays/border-with-frame.png,/themes/general/summer/overlays/border-with-frame.png,48091
general-summer,general,summer,overlays,assets/general/summer/overlays/border.png,public/themes/general/summer/overlays/border.png,/themes/general/summer/overlays/border.png,19848
general-summer,general,summer,overlays,assets/general/summer/overlays/enchanted-woodland-photo-booth-frame.png,public/themes/general/summer/overlays/enchanted-woodland-photo-booth-frame.png,/themes/general/summer/overlays/enchanted-woodland-photo-booth-frame.png,3455342
general-summer,general,summer,overlays,assets/general/summer/overlays/fantasy.png,public/themes/general/summer/overlays/fantasy.png,/themes/general/summer/overlays/fantasy.png,2970447
general-summer,general,summer,overlays,assets/general/summer/overlays/hello-summer.png,public/themes/general/summer/overlays/hello-summer.png,/themes/general/summer/overlays/hello-summer.png,1524305
general-summer,general,summer,overlays,assets/general/summer/overlays/pink-and-yellow.png,public/themes/general/summer/overlays/pink-and-yellow.png,/themes/general/summer/overlays/pink-and-yellow.png,146955
general-summer,general,summer,overlays,assets/general/summer/overlays/pool-with-frame-2.png,public/themes/general/summer/overlays/pool-with-frame-2.png,/themes/general/summer/overlays/pool-with-frame-2.png,1422468
general-summer,general,summer,overlays,assets/general/summer/overlays/pool-with-frame.png,public/themes/general/summer/overlays/pool-with-frame.png,/themes/general/summer/overlays/pool-with-frame.png,1345156
general-summer,general,summer,overlays,assets/general/summer/overlays/tropical-border-2.png,public/themes/general/summer/overlays/tropical-border-2.png,/themes/general/summer/overlays/tropical-border-2.png,2975880
general-summer,general,summer,overlays,assets/general/summer/overlays/tropical-border-with-frame.png,public/themes/general/summer/overlays/tropical-border-with-frame.png,/themes/general/summer/overlays/tropical-border-with-frame.png,2511514
general-summer,general,summer,overlays,assets/general/summer/overlays/tropical-border.png,public/themes/general/summer/overlays/tropical-border.png,/themes/general/summer/overlays/tropical-border.png,1927460
holidays/spring-st-patricks-day,holidays/spring,st-patricks-day,backgrounds,assets/holidays/spring/st-patricks-day/backgrounds/st-patricks-day-background-1.png,public/themes/holidays/spring/st-patricks-day/backgrounds/st-patricks-day-background-1.png,/themes/holidays/spring/st-patricks-day/backgrounds/st-patricks-day-background-1.png,796844
holidays/spring-st-patricks-day,holidays/spring,st-patricks-day,templates,assets/holidays/spring/st-patricks-day/templates/st-patricks-day-template-1.png,public/themes/holidays/spring/st-patricks-day/templates/st-patricks-day-template-1.png,/themes/holidays/spring/st-patricks-day/templates/st-patricks-day-template-1.png,224532
holidays/spring-st-patricks-day,holidays/spring,st-patricks-day,templates,assets/holidays/spring/st-patricks-day/templates/st-patricks-day.png,public/themes/holidays/spring/st-patricks-day/templates/st-patricks-day.png,/themes/holidays/spring/st-patricks-day/templates/st-patricks-day.png,227433
holidays/winter-christmas,holidays/winter,christmas,backgrounds,assets/holidays/winter/christmas/backgrounds/christmas-background-1.png,public/themes/holidays/winter/christmas/backgrounds/christmas-background-1.png,/themes/holidays/winter/christmas/backgrounds/christmas-background-1.png,345284
holidays/winter-christmas,holidays/winter,christmas,backgrounds,assets/holidays/winter/christmas/backgrounds/christmas-background-2.png,public/themes/holidays/winter/christmas/backgrounds/christmas-background-2.png,/themes/holidays/winter/christmas/backgrounds/christmas-background-2.png,902253
holidays/winter-christmas,holidays/winter,christmas,backgrounds,assets/holidays/winter/christmas/backgrounds/christmas-background-3.png,public/themes/holidays/winter/christmas/backgrounds/christmas-background-3.png,/themes/holidays/winter/christmas/backgrounds/christmas-background-3.png,446544
holidays/winter-christmas,holidays/winter,christmas,backgrounds,assets/holidays/winter/christmas/backgrounds/christmas-background-4.png,public/themes/holidays/winter/christmas/backgrounds/christmas-background-4.png,/themes/holidays/winter/christmas/backgrounds/christmas-background-4.png,690423
holidays/winter-christmas,holidays/winter,christmas,backgrounds,assets/holidays/winter/christmas/backgrounds/christmas-background-5.png,public/themes/holidays/winter/christmas/backgrounds/christmas-background-5.png,/themes/holidays/winter/christmas/backgrounds/christmas-background-5.png,1925471
holidays/winter-christmas,holidays/winter,christmas,backgrounds,assets/holidays/winter/christmas/backgrounds/christmas.png,public/themes/holidays/winter/christmas/backgrounds/christmas.png,/themes/holidays/winter/christmas/backgrounds/christmas.png,1986957
holidays/winter-christmas,holidays/winter,christmas,backgrounds,assets/holidays/winter/christmas/backgrounds/winter.png,public/themes/holidays/winter/christmas/backgrounds/winter.png,/themes/holidays/winter/christmas/backgrounds/winter.png,187913
holidays/winter-christmas,holidays/winter,christmas,templates,assets/holidays/winter/christmas/templates/christmas-template-1.png,public/themes/holidays/winter/christmas/templates/christmas-template-1.png,/themes/holidays/winter/christmas/templates/christmas-template-1.png,99530
holidays/winter-christmas,holidays/winter,christmas,templates,assets/holidays/winter/christmas/templates/merry-christmas.png,public/themes/holidays/winter/christmas/templates/merry-christmas.png,/themes/holidays/winter/christmas/templates/merry-christmas.png,132393
holidays/winter-valentines,holidays/winter,valentines,backgrounds,assets/holidays/winter/valentines/backgrounds/valentines-background-1.png,public/themes/holidays/winter/valentines/backgrounds/valentines-background-1.png,/themes/holidays/winter/valentines/backgrounds/valentines-background-1.png,786752
holidays/winter-valentines,holidays/winter,valentines,backgrounds,assets/holidays/winter/valentines/backgrounds/valentines-background-2.png,public/themes/holidays/winter/valentines/backgrounds/valentines-background-2.png,/themes/holidays/winter/valentines/backgrounds/valentines-background-2.png,28130
holidays/winter-valentines,holidays/winter,valentines,templates,assets/holidays/winter/valentines/templates/valentines-pink.png,public/themes/holidays/winter/valentines/templates/valentines-pink.png,/themes/holidays/winter/valentines/templates/valentines-pink.png,106931
school-ane,school,ane,overlays,assets/school/ane/overlays/ane-frame-stream-night-landscape-2.png,public/themes/school/ane/overlays/ane-frame-stream-night-landscape-2.png,/themes/school/ane/overlays/ane-frame-stream-night-landscape-2.png,46197
school-ane,school,ane,overlays,assets/school/ane/overlays/school-frame-landscape-1.png,public/themes/school/ane/overlays/school-frame-landscape-1.png,/themes/school/ane/overlays/school-frame-landscape-1.png,245166
school-hawks,school,hawks,backgrounds,assets/school/hawks/backgrounds/16.png,public/themes/school/hawks/backgrounds/16.png,/themes/school/hawks/backgrounds/16.png,890650
school-hawks,school,hawks,backgrounds,assets/school/hawks/backgrounds/blue-green-background.png,public/themes/school/hawks/backgrounds/blue-green-background.png,/themes/school/hawks/backgrounds/blue-green-background.png,668364
school-hawks,school,hawks,backgrounds,assets/school/hawks/backgrounds/hawks-background-1.png,public/themes/school/hawks/backgrounds/hawks-background-1.png,/themes/school/hawks/backgrounds/hawks-background-1.png,342885
school-hawks,school,hawks,backgrounds,assets/school/hawks/backgrounds/hawks-background-football.png,public/themes/school/hawks/backgrounds/hawks-background-football.png,/themes/school/hawks/backgrounds/hawks-background-football.png,826183
school-hawks,school,hawks,backgrounds,assets/school/hawks/backgrounds/hawks-background-gradient.png,public/themes/school/hawks/backgrounds/hawks-background-gradient.png,/themes/school/hawks/backgrounds/hawks-background-gradient.png,187786
school-hawks,school,hawks,backgrounds,assets/school/hawks/backgrounds/hawks-background-green-fog.png,public/themes/school/hawks/backgrounds/hawks-background-green-fog.png,/themes/school/hawks/backgrounds/hawks-background-green-fog.png,534915
school-hawks,school,hawks,overlays,assets/school/hawks/overlays/1.png,public/themes/school/hawks/overlays/1.png,/themes/school/hawks/overlays/1.png,1365772
school-hawks,school,hawks,overlays,assets/school/hawks/overlays/2.png,public/themes/school/hawks/overlays/2.png,/themes/school/hawks/overlays/2.png,281126
school-hawks,school,hawks,overlays,assets/school/hawks/overlays/3.png,public/themes/school/hawks/overlays/3.png,/themes/school/hawks/overlays/3.png,192533
school-hawks,school,hawks,overlays,assets/school/hawks/overlays/hawks-frame-cheerleader.png,public/themes/school/hawks/overlays/hawks-frame-cheerleader.png,/themes/school/hawks/overlays/hawks-frame-cheerleader.png,475721
school-hawks,school,hawks,overlays,assets/school/hawks/overlays/hawks-frame-fan.png,public/themes/school/hawks/overlays/hawks-frame-fan.png,/themes/school/hawks/overlays/hawks-frame-fan.png,1127411
school-hawks,school,hawks,overlays,assets/school/hawks/overlays/hawks-frame-go-hawks.png,public/themes/school/hawks/overlays/hawks-frame-go-hawks.png,/themes/school/hawks/overlays/hawks-frame-go-hawks.png,1614702
school-hawks,school,hawks,overlays,assets/school/hawks/overlays/hawks-frame-grass.png,public/themes/school/hawks/overlays/hawks-frame-grass.png,/themes/school/hawks/overlays/hawks-frame-grass.png,1258379
school-hawks,school,hawks,overlays,assets/school/hawks/overlays/hawks-frame-helmets.png,public/themes/school/hawks/overlays/hawks-frame-helmets.png,/themes/school/hawks/overlays/hawks-frame-helmets.png,220184
school-hawks,school,hawks,overlays,assets/school/hawks/overlays/hawks-frame-players.png,public/themes/school/hawks/overlays/hawks-frame-players.png,/themes/school/hawks/overlays/hawks-frame-players.png,198586
school-hawks,school,hawks,templates,assets/school/hawks/templates/go-hawks.png,public/themes/school/hawks/templates/go-hawks.png,/themes/school/hawks/templates/go-hawks.png,126740
wedding-garden-vows,wedding,garden-vows,backgrounds,assets/wedding/garden-vows/backgrounds/garden-vows-bg-1.png,public/themes/wedding/garden-vows/backgrounds/garden-vows-bg-1.png,/themes/wedding/garden-vows/backgrounds/garden-vows-bg-1.png,612118
wedding-garden-vows,wedding,garden-vows,backgrounds,assets/wedding/garden-vows/backgrounds/garden-vows-bg-2.png,public/themes/wedding/garden-vows/backgrounds/garden-vows-bg-2.png,/themes/wedding/garden-vows/backgrounds/garden-vows-bg-2.png,1442752
wedding-garden-vows,wedding,garden-vows,backgrounds,assets/wedding/garden-vows/backgrounds/garden-vows-bg-3.png,public/themes/wedding/garden-vows/backgrounds/garden-vows-bg-3.png,/themes/wedding/garden-vows/backgrounds/garden-vows-bg-3.png,4257101
wedding-garden-vows,wedding,garden-vows,backgrounds,assets/wedding/garden-vows/backgrounds/garden-vows-bg-7.png,public/themes/wedding/garden-vows/backgrounds/garden-vows-bg-7.png,/themes/wedding/garden-vows/backgrounds/garden-vows-bg-7.png,8128535
wedding-timeless-romance,wedding,timeless-romance,backgrounds,assets/wedding/timeless-romance/backgrounds/timeless-romance-bg-4.png,public/themes/wedding/timeless-romance/backgrounds/timeless-romance-bg-4.png,/themes/wedding/timeless-romance/backgrounds/timeless-romance-bg-4.png,4465909
wedding-timeless-romance,wedding,timeless-romance,backgrounds,assets/wedding/timeless-romance/backgrounds/timeless-romance-bg-5.png,public/themes/wedding/timeless-romance/backgrounds/timeless-romance-bg-5.png,/themes/wedding/timeless-romance/backgrounds/timeless-romance-bg-5.png,5285019
wedding-timeless-romance,wedding,timeless-romance,backgrounds,assets/wedding/timeless-romance/backgrounds/timeless-romance-bg-6.png,public/themes/wedding/timeless-romance/backgrounds/timeless-romance-bg-6.png,/themes/wedding/timeless-romance/backgrounds/timeless-romance-bg-6.png,3006195
wedding-timeless-romance,wedding,timeless-romance,backgrounds,assets/wedding/timeless-romance/backgrounds/timeless-romance-bg-8.png,public/themes/wedding/timeless-romance/backgrounds/timeless-romance-bg-8.png,/themes/wedding/timeless-romance/backgrounds/timeless-romance-bg-8.png,510524
